F,L,relax_lookahead,opt_gap,RH_total_time,RH_objective,rh_build_time,rh_solve_time,rh_dispatch_build,rh_dispatch_solve,lazy_build_time,lazy_solve_time,lazy_total_time,lazy_objective,mono_build_time,mono_solve_time,mono_total_time,mono_objective,RH_gap_pct,lazy_gap_pct
4,6,True,0.01,37.24660090000543,1249762.9543803637,6.050088099989807,24.59868330002064,2.484498199992231,3.9543785999994725,1.8881126000051154,81.22467479998886,83.11278739999398,1234336.170442501,3.2889926999923773,1145.0037963000068,1148.2927889999992,1231732.7797949223,1.4638056956187606,0.21136001982607006
4,6,False,0.01,60.40794540000206,1248522.3167942073,6.133790299994871,48.41262670001015,2.550035000007483,3.1517716999951517,1.8881126000051154,81.22467479998886,83.11278739999398,1234336.170442501,3.2889926999923773,1145.0037963000068,1148.2927889999992,1231732.7797949223,1.3630827460872128,0.21136001982607006
8,4,True,0.01,26.842468999995617,1254024.3409981653,4.548215499991784,16.43397700000787,2.6137675999925705,3.0926613000046927,1.8881126000051154,81.22467479998886,83.11278739999398,1234336.170442501,3.2889926999923773,1145.0037963000068,1148.2927889999992,1231732.7797949223,1.8097725065784493,0.21136001982607006
8,4,False,0.01,44.7544901999936,1250488.4279401363,4.5959369000047445,34.188089500006754,2.667236299996148,3.159700000003795,1.8881126000051154,81.22467479998886,83.11278739999398,1234336.170442501,3.2889926999923773,1145.0037963000068,1148.2927889999992,1231732.7797949223,1.5227043115907561,0.21136001982607006
8,6,True,0.01,35.42233290000877,1261973.8072316193,5.178485500015086,24.3493010999955,2.659446999998181,3.0895614000037313,1.8881126000051154,81.22467479998886,83.11278739999398,1234336.170442501,3.2889926999923773,1145.0037963000068,1148.2927889999992,1231732.7797949223,2.455161373697622,0.21136001982607006
8,6,False,0.01,136.44681379999383,1250658.9888879806,5.173164200008614,125.26286479999544,2.6899562000035075,3.1769939999940107,1.8881126000051154,81.22467479998886,83.11278739999398,1234336.170442501,3.2889926999923773,1145.0037963000068,1148.2927889999992,1231732.7797949223,1.5365515478291787,0.21136001982607006
12,6,True,0.01,215.88335410000582,1244053.5471280674,3.972268099998473,205.93647360001341,2.7239909000054467,3.112403400009498,1.8881126000051154,81.22467479998886,83.11278739999398,1234336.170442501,3.2889926999923773,1145.0037963000068,1148.2927889999992,1231732.7797949223,1.0002792436194132,0.21136001982607006
12,6,False,0.01,140.7429162000044,1235487.2556342045,4.397404899995308,130.31730169999355,2.7910733000026084,3.0883006999938516,1.8881126000051154,81.22467479998886,83.11278739999398,1234336.170442501,3.2889926999923773,1145.0037963000068,1148.2927889999992,1231732.7797949223,0.3048125292165445,0.21136001982607006
4,6,True,0.001,89.57112829999824,1250879.605257529,6.344357400012086,76.80009399997653,2.8905625000043074,3.378494300006423,2.3892875000019558,786.5458846999973,788.9351721999992,1231732.7797949223,3.2889926999923773,1145.0037963000068,1148.2927889999992,1231732.7797949223,1.5544626055819177,0.0
4,6,False,0.001,138.6680980999954,1248061.8193659494,6.6326372000039555,125.80270619998919,2.8306413999962388,3.222806700010551,2.3892875000019558,786.5458846999973,788.9351721999992,1231732.7797949223,3.2889926999923773,1145.0037963000068,1148.2927889999992,1231732.7797949223,1.3256965990420215,0.0
8,4,True,0.001,66.1952217999933,1253726.599392632,4.12869369998225,54.61682349999319,4.095454299997073,3.208162800001446,2.3892875000019558,786.5458846999973,788.9351721999992,1231732.7797949223,3.2889926999923773,1145.0037963000068,1148.2927889999992,1231732.7797949223,1.7855999254458064,0.0
8,4,False,0.001,145.98844030000328,1248447.8748528496,4.090231499998481,135.86836530000437,2.7605096000042977,3.118679000006523,2.3892875000019558,786.5458846999973,788.9351721999992,1231732.7797949223,3.2889926999923773,1145.0037963000068,1148.2927889999992,1231732.7797949223,1.3570390698468129,0.0
8,6,True,0.001,79.652039099994,1253046.1777963229,5.0469907999940915,68.2495752999821,2.9998762000032,3.2090526000101818,2.3892875000019558,786.5458846999973,788.9351721999992,1231732.7797949223,3.2889926999923773,1145.0037963000068,1148.2927889999992,1231732.7797949223,1.7303589180235261,0.0
8,6,False,0.001,1567.7631579000008,1249067.2239608895,5.653260099992622,1555.6927091000252,2.7489290999947116,3.390509699995164,2.3892875000019558,786.5458846999973,788.9351721999992,1231732.7797949223,3.2889926999923773,1145.0037963000068,1148.2927889999992,1231732.7797949223,1.40732181933595,0.0
12,6,True,0.001,436.50067280000076,1239302.4213490477,4.543579499993939,425.88201780000236,2.7046709999995073,3.223677100002533,2.3892875000019558,786.5458846999973,788.9351721999992,1231732.7797949223,3.2889926999923773,1145.0037963000068,1148.2927889999992,1231732.7797949223,0.6145522534023704,0.0
12,6,False,0.001,962.9455750999914,1234035.6096758347,3.980233299997053,951.8001729000098,2.851178199998685,4.154304399999091,2.3892875000019558,786.5458846999973,788.9351721999992,1231732.7797949223,3.2889926999923773,1145.0037963000068,1148.2927889999992,1231732.7797949223,0.18695856103591987,0.0
